"id","name","model_id:id","group_id:id","perm_read","perm_write","perm_create","perm_unlink"
"access_ir_attachment_all","ir_attachment all","model_ir_attachment",,1,0,0,0
"access_ir_attachment_group_user","ir_attachment group_user","model_ir_attachment","group_user",1,1,1,1
"access_ir_attachment_portal","ir.attachment.portal","model_ir_attachment","group_portal",1,0,1,0
"access_ir_cron_group_cron","ir_cron group_cron","model_ir_cron","group_system",1,1,1,1
"access_ir_exports_group_system","ir_exports group_system","model_ir_exports","base.group_user",1,1,1,1
"access_ir_exports_line_group_system","ir_exports_line group_system","model_ir_exports_line","base.group_user",1,1,1,1
"access_ir_model_group_erp_manager","ir_model group_erp_manager","model_ir_model","group_erp_manager",1,1,1,1
"access_ir_model_constraint_group_erp_manager","ir_model_constraint group_erp_manager","model_ir_model_constraint","group_erp_manager",1,1,1,1
"access_ir_model_relation_group_erp_manager","ir_model_relation group_erp_manager","model_ir_model_relation","group_erp_manager",1,1,1,1
"access_ir_model_access_group_erp_manager","ir_model_access_group_erp_manager","model_ir_model_access","group_erp_manager",1,1,1,1
"access_ir_model_data_group_erp_manager","ir_model_data group_erp_manager","model_ir_model_data","group_erp_manager",1,1,1,1
"access_ir_model_fields_group_erp_manager","ir_model_fields group_erp_manager","model_ir_model_fields","group_erp_manager",1,1,1,1
"access_ir_model_user","ir_model_all","model_ir_model",base.group_user,1,0,0,0
"access_ir_model_data_user","ir_model_data user","model_ir_model_data",base.group_user,1,0,1,0
"access_ir_model_fields_user","ir_model_fields all","model_ir_model_fields",base.group_user,1,0,0,0
"access_ir_module_category_group_user","ir_module_category group_user","model_ir_module_category","group_erp_manager",1,0,0,0
"access_ir_module_module_group_user","ir_module_module group_user","model_ir_module_module","group_system",1,1,1,1
"access_ir_module_module_dependency_group_system","ir_module_module_dependency group_system","model_ir_module_module_dependency","group_system",1,1,1,1
"access_ir_module_module_exclusion_group_system","ir_module_module_exclusion group_system","model_ir_module_module_exclusion","group_system",1,1,1,1
"access_ir_property_group_user","ir_property group_user","model_ir_property",,1,0,0,0
"access_ir_property_group_user_manager","ir_property group_manager","model_ir_property","base.group_partner_manager",1,1,1,0
"access_ir_rule_group_erp_manager","ir_rule group_erp_manager","model_ir_rule","group_erp_manager",1,1,1,1
"access_ir_sequence_group_user","ir_sequence group_user","model_ir_sequence","group_user",1,0,0,0
"access_ir_sequence_group_system","ir_sequence group_system","model_ir_sequence","group_system",1,1,1,1
"access_ir_sequence_date_range_group_user","ir_sequence_date_range group_user","model_ir_sequence_date_range","group_user",1,0,0,0
"access_ir_sequence_date_range_group_system","ir_sequence_date_range group_system","model_ir_sequence_date_range","group_system",1,1,1,1
"access_ir_translation_all","ir_translation all","model_ir_translation","group_user",1,1,1,1
"access_ir_translation_group_system","ir_translation group_system","model_ir_translation","group_system",1,1,1,1
"access_ir_ui_menu_group_user","ir_ui_menu group_user","model_ir_ui_menu",base.group_user,1,0,0,0
"access_ir_ui_menu_group_system","ir_ui_menu group_system","model_ir_ui_menu","group_system",1,1,1,1
"access_ir_ui_view_group_user","ir_ui_view group_user","model_ir_ui_view",,1,0,0,0
"access_ir_ui_view_group_system","ir_ui_view group_system","model_ir_ui_view","group_system",1,1,1,1
"access_ir_ui_view_custom_group_user","ir_ui_view_custom_group_user","model_ir_ui_view_custom",,1,1,1,1
"access_ir_default_all","ir_default all","model_ir_default",,1,0,0,0
"access_ir_default_group_user","ir_default group_user","model_ir_default","group_user",1,1,1,1
"access_ir_default_group_system","ir_default group_system","model_ir_default","group_system",1,1,1,1
"access_res_company_group_erp_manager","res_company group_erp_manager","model_res_company","group_erp_manager",1,1,1,1
"access_res_company_group_user","res_company group_user","model_res_company",,1,0,0,0
"access_res_country_group_all","res_country group_user_all","model_res_country",,1,0,0,0
"access_res_country_state_group_all","res_country_state group_user_all","model_res_country_state",,1,0,0,0
"access_res_country_group_group_all","res_country_group group_user_all","model_res_country_group",,1,0,0,0
"access_res_country_group_user","res_country group_user","model_res_country","group_partner_manager",1,1,1,1
"access_res_country_state_group_user","res_country_state group_user","model_res_country_state","group_partner_manager",1,1,1,1
"access_res_country_group_group_user","res_country_group group_user","model_res_country_group","group_partner_manager",1,1,1,1
"access_res_currency_group_all","res_currency group_all","model_res_currency",,1,0,0,0
"access_res_currency_rate_group_all","res_currency_rate group_all","model_res_currency_rate",,1,0,0,0
"access_res_currency_group_system","res_currency group_system","model_res_currency","group_system",1,1,1,1
"access_res_currency_rate_group_system","res_currency_rate group_system","model_res_currency_rate","group_system",1,1,1,1
"access_res_groups_group_erp_manager","res_groups group_erp_manager","model_res_groups","group_erp_manager",1,1,1,1
"access_res_groups_group_user","res_groups group_user","model_res_groups",group_user,1,0,0,0
"access_res_lang_group_all","res_lang group_all","model_res_lang",,1,0,0,0
"access_res_lang_group_user","res_lang group_user","model_res_lang","group_system",1,1,1,1
"access_res_partner_public","res_partner group_public","model_res_partner","group_public",1,0,0,0
"access_res_partner_portal","res_partner group_portal","model_res_partner","group_portal",1,0,0,0
"access_res_partner_group_partner_manager","res_partner group_partner_manager","model_res_partner","group_partner_manager",1,1,1,1
"access_res_partner_group_user","res_partner group_user","model_res_partner","group_user",1,0,0,0
"access_res_partner_bank_group_user","res_partner_bank group_user","model_res_partner_bank","group_user",1,0,0,0
"access_res_partner_bank_group_partner_manager","res_partner_bank group_partner_manager","model_res_partner_bank","group_partner_manager",1,1,1,1
"access_res_partner_category_group_user","res_partner_category group_user","model_res_partner_category","group_user",1,0,0,0
"access_res_partner_category_group_partner_manager","res_partner_category group_partner_manager","model_res_partner_category","group_partner_manager",1,1,1,1
"access_res_partner_industry_group_user","res_partner_industry group_user","model_res_partner_industry","group_user",1,0,0,0
"access_res_partner_industry_group_system","res_partner_industry group_system","model_res_partner_industry","group_system",1,1,1,1
"access_res_partner_title_group_user","res_partner_title group_user","model_res_partner_title","group_partner_manager",1,1,1,1
"access_res_partner_title_group_partner_manager","res_partner_title group_partner_manager","model_res_partner_title",,1,0,0,0
"access_res_request_link_group_system","res_request_link group_system","model_res_request_link","group_system",1,1,1,1
"access_res_request_link_group_user","res_request_link group_user","model_res_request_link",,1,0,0,0
"access_res_users_all","res_users all","model_res_users",,1,0,0,0
"access_res_users_group_erp_manager","res_users group_erp_manager","model_res_users","group_erp_manager",1,1,1,1
"access_res_users_log_all","res_users_log_all","model_res_users_log",,1,0,1,0
"access_ir_actions_all","ir_actions_all","model_ir_actions_actions",,1,0,0,0
"access_ir_actions_group_system","ir_actions_group_system","model_ir_actions_actions","group_system",1,1,1,1
"access_ir_actions_act_window_all","ir_actions_act_window_all","model_ir_actions_act_window",,1,0,0,0
"access_ir_actions_act_window_system","ir_actions_act_window_system","model_ir_actions_act_window","group_system",1,1,1,1
"access_ir_actions_act_window_close_all","ir_actions_act_window_close_all","model_ir_actions_act_window_close",,1,0,0,0
"access_ir_actions_act_window_close_group_system","ir_actions_act_window_close_group_system","model_ir_actions_act_window_close","group_system",1,1,1,1
"access_ir_actions_report_all","ir_actions_report","model_ir_actions_report",,1,0,0,0
"access_ir_actions_report_group_system","ir_actions_report_group_system","model_ir_actions_report","group_system",1,1,1,1
"access_ir_actions_todo_group_system","ir_actions_todo group system","model_ir_actions_todo","group_system",1,1,1,1
"access_ir_actions_act_window_view_all","ir_actions_act_window_view_all","model_ir_actions_act_window_view",,1,0,0,0
"access_ir_actions_act_window_view_group_system","ir_actions_act_window_view_group_system","model_ir_actions_act_window_view","group_system",1,1,1,1
"access_ir_actions_act_url_all","ir_actions_act_url_all","model_ir_actions_act_url",,1,0,0,0
"access_ir_actions_act_url_group_system","ir_actions_act_url_group_system","model_ir_actions_act_url","group_system",1,1,1,1
"access_ir_server_object_lines_all","ir_server_object_lines_all","model_ir_server_object_lines",,1,0,0,0
"access_ir_server_object_lines_group_system","ir_server_object_lines_group_system","model_ir_server_object_lines","group_system",1,1,1,1
"access_ir_actions_server_all","ir_actions_server_all","model_ir_actions_server",,1,0,0,0
"access_ir_actions_server_group_system","ir_actions_server_group_system","model_ir_actions_server","group_system",1,1,1,1
"access_res_bank_group_system","res_bank_group_system","model_res_bank","group_system",1,1,1,1
"access_res_bank_group_partner_manager","res_bank_group_partner_manager","model_res_bank","group_partner_manager",1,1,1,1
"access_res_bank_user","res_bank user","model_res_bank","group_user",1,0,0,0
"access_ir_filter_erp_manager","ir_filters all","model_ir_filters","group_erp_manager",1,1,1,1
"access_ir_filter_user","ir_filters all","model_ir_filters","group_user",1,1,1,1
"access_ir_filter_portal","ir_filters all","model_ir_filters","group_portal",1,1,1,1
"access_ir_filter_public","ir_filters all","model_ir_filters","group_public",1,1,1,1
"access_ir_config_parameter_system","ir_config_parameter_system","model_ir_config_parameter","group_system",1,1,1,1
"access_ir_mail_server","ir_mail_server","model_ir_mail_server","group_system",1,1,1,1
"access_ir_actions_client","ir_actions_client all","model_ir_actions_client",,1,0,0,0
"access_ir_logging","ir_logging admin","model_ir_logging","group_erp_manager",1,1,1,1
"paperformat_access_portal","ir_actions_report_paperformat group_portal","model_report_paperformat",,1,0,0,0
"paperformat_access_employee","ir_actions_report_paperformat group_system","model_report_paperformat",group_system,1,1,1,1
