<?xml version="1.0" encoding="utf-8"?>
<odoo>
    <data noupdate="1">

        <record id="partner_demo" model="res.partner">
            <field name="name">Demo User</field>
            <field name="company_id" ref="main_company"/>
            <field name="customer" eval="False"/>
            <field name="email">demo@yourcompany.example.com</field>
            <field name="company_name">YourCompany</field>
            <field name="street">Avenue des Dessus-de-Lives, 2</field>
            <field name="city">Namur (Loyers)</field>
            <field name="zip">5101</field>
            <field name="country_id" ref="be"/>
        </record>

        <record model="res.partner.bank" id="bank_partner_demo">
            <field name="acc_number">60-16-13 31926819</field>
            <field name="acc_type">bank</field>
            <field name="partner_id" ref="partner_demo" />
        </record>

        <record id="main_partner" model="res.partner">
            <field name="name">YourCompany</field>
            <field name="company_name">YourCompany</field>
            <field name="street">1725 Slough Ave.</field>
            <field name="city">Scranton</field>
            <field name="zip">18540</field>
            <field name='country_id' ref='base.us'/>
            <field name='state_id' ref='state_us_39'/>
            <field name="phone">+1 555 123 8069</field>
            <field name="email">info@yourcompany.example.com</field>
            <field name="website">www.example.com</field>
            <field name="image" type="base64" file="base/res/res_company_logo.png"/>
        </record>

        <record id="main_company" model="res.company">
            <field name="name">YourCompany</field>
            <field name="external_report_layout">standard</field>
        </record>

        <record id="user_demo" model="res.users">
            <field name="partner_id" ref="base.partner_demo"/>
            <field name="login">demo</field>
            <field name="password">demo</field>
            <field name="signature" type="xml"><span>-- <br/>+Mr Demo</span></field>
            <field name="company_id" ref="main_company"/>
            <field name="groups_id" eval="[(6,0,[ref('base.group_user'), ref('base.group_partner_manager')])]"/>
            <field name="image" type="base64" file="base/static/img/user_demo-image.jpg"/>
        </record>

        <record model="res.partner" id="base.partner_root">
            <field name="company_name">YourCompany</field>
            <field name="street">215 Vine St</field>
            <field name="city">Scranton</field>
            <field name="zip">18503</field>
            <field name='country_id' ref='base.us'/>
            <field name='state_id' ref='state_us_39'/>
            <field name="phone">+1 555-555-5555</field>
            <field name="email">admin@yourcompany.example.com</field>
            <field name="tz">Europe/Brussels</field>
            <field name="image" type="base64" file="base/static/img/partner_root-image.jpg"/>
        </record>


        <!-- Portal : partner and user -->
        <record id="partner_demo_portal" model="res.partner">
            <field name="name">Demo Portal User</field>
            <field name="email">demo.portal@yourcompany.example.com</field>
            <field name="supplier" eval="False"/>
            <field name="customer" eval="True"/>
            <field name="city">Vivegnis</field>
            <field name="zip">4683</field>
            <field name="country_id" ref="base.be"/>
            <field name="company_name">YourCompany</field>
            <field name="street">Rue Cesar de Paepe, 43</field>
        </record>
        <record id="demo_user0" model="res.users" context="{'no_reset_password': True}">
            <field name="partner_id" ref="partner_demo_portal"/>
            <field name="login">portal</field>
            <field name="password">portal</field>
            <field name="signature"><![CDATA[<span>-- <br/>Mr Demo Portal</span>]]></field>
            <field name="groups_id" eval="[(5,)]"/><!-- Avoid auto-including this user in any default group -->
        </record>

        <record id="base.group_portal" model="res.groups"><!-- Add the demo user to the portal (and therefore to the portal member group) -->
            <field name="users" eval="[(4,ref('demo_user0'))]"/>
        </record>
    </data>
</odoo>
