<?xml version='1.0' encoding='utf-8'?>
<odoo>
    <data noupdate="0">

        <record id="base.res_partner_address_1" model="res.partner">
            <field name="image" type="base64" file="base/static/img/res_partner_address_1-image.png"/>
        </record>

        <record id="base.res_partner_address_2" model="res.partner">
            <field name="image" type="base64" file="base/static/img/res_partner_address_2-image.png"/>
        </record>

        <record id="base.res_partner_address_4" model="res.partner">
            <field name="image" type="base64" file="base/static/img/res_partner_address_4-image.png"/>
        </record>

        <record id="base.res_partner_address_5" model="res.partner">
            <field name="image" type="base64" file="base/static/img/res_partner_address_5-image.png"/>
        </record>

        <record id="base.res_partner_address_7" model="res.partner">
            <field name="image" type="base64" file="base/static/img/res_partner_address_7-image.png"/>
        </record>

        <record id="base.res_partner_address_10" model="res.partner">
            <field name="image" type="base64" file="base/static/img/res_partner_address_10-image.png"/>
        </record>

        <record id="base.res_partner_address_11" model="res.partner">
            <field name="image" type="base64" file="base/static/img/res_partner_address_11-image.png"/>
        </record>

        <record id="base.res_partner_address_13" model="res.partner">
            <field name="image" type="base64" file="base/static/img/res_partner_address_13-image.png"/>
        </record>

        <record id="base.res_partner_address_14" model="res.partner">
            <field name="image" type="base64" file="base/static/img/res_partner_address_14-image.png"/>
        </record>

        <record id="base.res_partner_address_15" model="res.partner">
            <field name="image" type="base64" file="base/static/img/res_partner_address_15-image.png"/>
        </record>

        <record id="base.res_partner_address_16" model="res.partner">
            <field name="image" type="base64" file="base/static/img/res_partner_address_16-image.png"/>
        </record>

        <record id="base.res_partner_address_17" model="res.partner">
            <field name="image" type="base64" file="base/static/img/res_partner_address_17-image.png"/>
        </record>

        <record id="base.res_partner_address_18" model="res.partner">
            <field name="image" type="base64" file="base/static/img/res_partner_address_18-image.png"/>
        </record>

        <record id="base.res_partner_address_24" model="res.partner">
            <field name="image" type="base64" file="base/static/img/res_partner_address_24-image.png"/>
        </record>

        <record id="base.res_partner_address_25" model="res.partner">
            <field name="image" type="base64" file="base/static/img/res_partner_address_25-image.png"/>
        </record>

        <record id="base.res_partner_address_27" model="res.partner">
            <field name="image" type="base64" file="base/static/img/res_partner_address_27-image.png"/>
        </record>

        <record id="base.res_partner_address_28" model="res.partner">
            <field name="image" type="base64" file="base/static/img/res_partner_address_28-image.png"/>
        </record>

        <record id="base.res_partner_address_30" model="res.partner">
            <field name="image" type="base64" file="base/static/img/res_partner_address_30-image.png"/>
        </record>

        <record id="base.res_partner_address_32" model="res.partner">
            <field name="image" type="base64" file="base/static/img/res_partner_address_32-image.png"/>
        </record>

        <record id="base.res_partner_address_33" model="res.partner">
            <field name="image" type="base64" file="base/static/img/res_partner_address_33-image.png"/>
        </record>

        <record id="base.res_partner_address_34" model="res.partner">
            <field name="image" type="base64" file="base/static/img/res_partner_address_34-image.png"/>
        </record>

        <record id="base.res_partner_main1" model="res.partner">
            <field name="image" type="base64" file="base/static/img/res_partner_main1-image.png"/>
        </record>

        <record id="base.res_partner_main2" model="res.partner">
            <field name="image" type="base64" file="base/static/img/res_partner_main2-image.png"/>
        </record>

    </data>
</odoo>
