<?xml version="1.0" encoding="utf-8"?>
<odoo>
    <data noupdate="1">

        <!-- Record Rules For Company -->
        <record id="res_company_rule_portal" model="ir.rule">
            <field name="name">company rule portal</field>
            <field name="model_id" ref="model_res_company"/>
            <field eval="False" name="global"/>
            <field name="groups" eval="[(6, 0, [ref('base.group_portal')])]"/>
            <field name="domain_force">[('id','child_of',[user.company_id.id])]</field>
        </record>
        <record id="res_company_rule_employee" model="ir.rule">
            <field name="name">company rule employee</field>
            <field name="model_id" ref="model_res_company"/>
            <field eval="False" name="global"/>
            <field name="groups" eval="[(6, 0, [ref('base.group_user')])]"/>
            <field name="domain_force">[('id','child_of',[user.company_id.id])]</field>
        </record>
        <record id="res_company_rule_public" model="ir.rule">
            <field name="name">company rule public</field>
            <field name="model_id" ref="model_res_company"/>
            <field eval="False" name="global"/>
            <field name="groups" eval="[(6, 0, [ref('base.group_public')])]"/>
            <field name="domain_force">[('id','child_of',[user.company_id.id])]</field>
        </record>
        <record id="res_company_rule_erp_manager" model="ir.rule">
            <field name="name">company rule erp manager</field>
            <field name="model_id" ref="model_res_company"/>
            <field eval="False" name="global"/>
            <field name="groups" eval="[(6, 0, [ref('base.group_erp_manager')])]"/>
            <field name="domain_force">[(1,'=',1)]</field>
        </record>

        <!-- Record Rule For User -->
        <record id="res_users_rule" model="ir.rule">
            <field name="name">user rule</field>
            <field name="model_id" ref="model_res_users"/>
            <field eval="True" name="global"/>
            <field name="domain_force">[('company_ids','child_of',[user.company_id.id])]</field>
        </record>

    </data>
</odoo>
