<?xml version="1.0" encoding="utf-8"?>
<odoo>
    <data noupdate="1">
        <!-- Restrict modifications on ir.filters to owner only -->
        <record id="ir_filters_admin_all_rights_rule" model="ir.rule">
            <field name="name">ir.filters.admin.all.rights</field>
            <field name="model_id" ref="model_ir_filters"/>
            <field name="domain_force">[(1, '=', 1)]</field>
            <field name="groups" eval="[(4, ref('base.group_erp_manager'))]"/>
            <field name="perm_read" eval="True"/>
            <field name="perm_write" eval="True"/>
            <field name="perm_create" eval="True"/>
            <field name="perm_unlink" eval="True"/>
        </record>

        <record id="ir_filters_employee_rule" model="ir.rule">
            <field name="name">ir.filters.owner</field>
            <field name="model_id" ref="model_ir_filters"/>
            <field name="domain_force">[('user_id','in',[False,user.id])]</field>
            <field name="groups" eval="[(4, ref('base.group_user'))]"/>
            <field name="perm_unlink" eval="False"/>
        </record>

        <record id="ir_filters_delete_own_rule" model="ir.rule">
            <field name="name">ir.filters.own.rule.delete</field>
            <field name="model_id" ref="model_ir_filters"/>
            <field name="domain_force">[('user_id', '=', user.id)]</field>
            <field name="groups" eval="[(4, ref('base.group_user'))]"/>
            <field name="perm_read" eval="False"/>
            <field name="perm_write" eval="False"/>
            <field name="perm_create" eval="False"/>
        </record>

        <record id="ir_filters_portal_public_rule" model="ir.rule">
            <field name="name">ir.filter: portal/public</field>
            <field name="model_id" ref="model_ir_filters"/>
            <field name="domain_force">[('user_id', '=', user.id)]</field>
            <field name="groups" eval="[(4, ref('base.group_portal')), (4, ref('base.group_public'))]"/>
        </record>
    </data>

    <data>
        <record id="ir_filters_view_form" model="ir.ui.view">
            <field name="model">ir.filters</field>
            <field name="arch" type="xml">
                <form string="Filters">
                  <sheet>
                    <group col="4">
                        <field name="name"/>
                        <field name="user_id" string="Available for User"/>
                        <field name="model_id"/>
                        <field name="is_default"/>
                        <field name="action_id"/>
                        <field name="active"/>
                    </group>
                    <group>
                        <field name="domain" widget="domain" options="{'model': 'model_id'}"/>
                        <field name="context"/>
                        <field name="sort"/>
                    </group>
                   </sheet>
                </form>
            </field>
        </record>
        <record id="ir_filters_view_tree" model="ir.ui.view">
            <field name="model">ir.filters</field>
            <field name="arch" type="xml">
                <tree string="Filters">
                    <field name="name"/>
                    <field name="model_id"/>
                    <field name="user_id"/>
                    <field name="is_default"/>
                    <field name="action_id"/>
                    <field name="domain" groups="base.group_no_one"/>
                    <field name="context" groups="base.group_no_one"/>
                    <field name="sort" groups="base.group_no_one"/>
                </tree>
            </field>
        </record>
        <record id="ir_filters_view_search" model="ir.ui.view">
            <field name="model">ir.filters</field>
            <field name="arch" type="xml">
                <search string="Filters">
                    <field name="name" string="Filter Name"/>
                    <filter string="User" domain="[('user_id','!=',False)]" name="user" help="Filters visible only for one user"/>
                    <filter string="Shared" domain="[('user_id','=',False)]" name="shared" help="Filters shared with all users"/>
                    <filter string="My filters" domain="[('user_id','=',uid)]" name="my_filters" help="Filters created by myself"/>
                    <separator/>
                    <group expand="0" string="Group By">
                        <filter string="User" domain="[]" context="{'group_by':'user_id'}"/>
                        <filter string="Model" domain="[]" context="{'group_by':'model_id'}"/>
                    </group>
                    <field name="model_id"/>
                    <field name="user_id"/>
                </search>
            </field>
        </record>
        <record id="actions_ir_filters_view" model="ir.actions.act_window">
            <field name="name">Filters</field>
            <field name="type">ir.actions.act_window</field>
            <field name="res_model">ir.filters</field>
        </record>
        <menuitem parent="base.next_id_2" name="User-defined Filters"
            id="menu_ir_filters" action="actions_ir_filters_view" sequence="5"/>
    </data>
</odoo>
